Distance,Routes3711.29,47
3494.4,43
3324.77,42
3202.34,40
3164.37,36
3102.21,33
2912.69,32
2716.3,32
2577.13,32
2465.93,31
2412.97,28
2311.31,28
2222.66,26
2106.39,24
1964.63,22
1848.67,21
1765.56,20
1692.12,18
1617.01,18
1545.11,17
1480.97,16
1385.71,15
1342.11,14
1270.74,13
1243.39,12
1223.81,12
1206.43,11
1204.23,11
1165.15,11
1134.36,11
1118.99,10
1170.17,10
1171.07,10
1171.71,10
1171.7,10
1171.8,10
1171.8,10
1171.85,10
1171.85,10
1171.85,10
1171.85,10
1171.85,10
1171.85,10
1171.85,10
1171.85,10
1171.85,10
1171.85,10
1171.85,10
1171.85,10
1171.85,10
1171.85,10
1171.85,10
1171.85,10
1171.85,10
1171.85,10
1171.85,10
1171.85,10
1171.85,10
1171.85,10
1171.85,10
1171.85,10
1171.85,10
1171.85,10
1171.85,10
1171.85,10
1171.85,10
1171.85,10
1171.85,10
1171.85,10
1171.85,10
1171.85,10
1171.85,10
1171.85,10
1171.85,10
1171.85,10
1171.85,10
1171.85,10
1171.85,10
1171.85,10
1171.85,10
1171.85,10
1171.85,10
1171.85,10
1171.85,10
1171.85,10
1171.85,10
1171.85,10
1171.85,10
1171.85,10
1171.85,10
1171.85,10
1171.85,10
1171.85,10
1171.85,10
1171.85,10
1171.85,10
1171.85,10
1171.85,10
1171.85,10
1171.85,10
1171.85,10
1171.85,10
1171.85,10
1171.85,10
1171.85,10
1171.85,10
1171.85,10
1171.85,10
1171.85,10
1171.85,10
1171.85,10
1171.85,10
1171.85,10
1171.85,10
1171.85,10
1171.85,10
1171.85,10
1171.85,10
1171.85,10
1171.85,10
1171.85,10
1171.85,10
1171.85,10
1171.85,10
1171.85,10
1171.85,10
1171.85,10
1171.85,10
1171.85,10
1171.85,10
1171.85,10
1171.85,10
1171.85,10
1171.85,10
1171.85,10
1171.85,10
1171.85,10
1171.85,10
1171.85,10
1171.85,10
1171.85,10
1171.85,10
1171.85,10
1171.85,10
1171.85,10
1171.85,10
1171.85,10
1171.85,10
1171.85,10
1171.85,10
1171.85,10
1171.85,10
1171.85,10
1171.85,10
1171.85,10
1171.85,10
1171.85,10
1171.85,10
1171.85,10
1171.85,10
1171.85,10
1171.85,10
1171.85,10
1171.85,10
1171.85,10
1171.85,10
1171.85,10
1171.85,10
1171.85,10
1171.85,10
1171.85,10
1171.85,10
1171.85,10
1171.85,10
1171.85,10
1171.85,10
1171.85,10
1171.85,10
1171.85,10
1171.85,10
1171.85,10
1171.85,10
1171.85,10
1171.85,10
1171.85,10
1171.85,10
1171.85,10
1171.85,10
1171.85,10
1171.85,10
1171.85,10
1171.85,10
1171.85,10
1171.85,10
1171.85,10
1171.85,10
1171.85,10
1171.85,10
1171.85,10
1171.85,10
1171.85,10
1171.85,10
1171.85,10
1171.85,10
1171.85,10
1171.85,10
1171.85,10
1171.85,10
1171.85,10
1171.85,10
1171.85,10
1171.85,10
1171.85,10
1171.85,10
1171.85,10
1171.85,10
1171.85,10
1171.85,10
1171.85,10
1171.85,10
1171.85,10
1171.85,10
1171.85,10
1171.85,10
1171.85,10
1171.85,10
1171.85,10
1171.85,10
1171.85,10
1171.85,10
1171.85,10
1171.85,10
1171.85,10
1171.85,10
1171.85,10
1171.85,10
1171.85,10
1171.85,10
1171.85,10
1171.85,10
1171.85,10
1171.85,10
1171.85,10
1171.85,10
1171.85,10
1171.85,10
1171.85,10
1171.85,10
1171.85,10
1171.85,10
1171.85,10
1171.85,10
1171.85,10
1171.85,10
1171.85,10
1171.85,10
1171.85,10
1171.85,10
1171.85,10
1171.85,10
1171.85,10
1171.85,10
1171.85,10
1171.85,10
1171.85,10
1171.85,10
1171.85,10
1171.85,10
1171.85,10
1171.85,10
1171.85,10
1171.85,10
1171.85,10
1171.85,10
1171.85,10
1171.85,10
1171.85,10
1171.85,10
1171.85,10
1171.85,10
1171.85,10
1171.85,10
1171.85,10
1171.85,10
1171.85,10
1171.85,10
1171.85,10
1171.85,10
1171.85,10
1171.85,10
1171.85,10
1171.85,10
1171.85,10
1171.85,10
1171.85,10
1171.85,10
1171.85,10
1171.85,10
1171.85,10
1171.85,10
1171.85,10
1171.85,10
1171.85,10
1171.85,10
1171.85,10
1171.85,10
1171.85,10
1171.85,10
1171.85,10
1171.85,10
1171.85,10
1171.85,10
1171.85,10
1171.85,10
1171.85,10
1171.85,10
1171.85,10
1171.85,10
1171.85,10
1171.85,10
1171.85,10
1171.85,10
1171.85,10
1171.85,10
1171.85,10
1171.85,10
1171.85,10
1171.85,10
1171.85,10
1171.85,10
1171.85,10
1171.85,10
1171.85,10
1171.85,10
1171.85,10
1171.85,10
1171.85,10
1171.85,10
1171.85,10
1171.85,10
1171.85,10
1171.85,10
1171.85,10
1171.85,10
1171.85,10
1171.85,10
1171.85,10
1171.85,10
1171.85,10
1171.85,10
1171.85,10
1171.85,10
1171.85,10
1171.85,10
1171.85,10
1171.85,10
1171.85,10
1171.85,10
1171.85,10
1171.85,10
1171.85,10
1171.85,10
1171.85,10
1171.85,10
1171.85,10
1171.85,10
1171.85,10
1171.85,10
1171.85,10
1171.85,10
1171.85,10
1171.85,10
1171.85,10
1171.85,10
1171.85,10
1171.85,10
1171.85,10
1171.85,10
1171.85,10
1171.85,10
1171.85,10
1171.85,10
1171.85,10
1171.85,10
1171.85,10
1171.85,10
1171.85,10
1171.85,10
1171.85,10
1171.85,10
1171.85,10
1171.85,10
1171.85,10
1171.85,10
1171.85,10
1171.85,10
1171.85,10
1171.85,10
1171.85,10
1171.85,10
1171.85,10
1171.85,10
1171.85,10
1171.85,10
1171.85,10
1171.85,10
1171.85,10
1171.85,10
1171.85,10
1171.85,10
1171.85,10
1171.85,10
1171.85,10
1171.85,10
1171.85,10
1171.85,10
1171.85,10
1171.85,10
1171.85,10
1171.85,10
1171.85,10
1171.85,10
1171.85,10
1171.85,10
1171.85,10
1171.85,10
1171.85,10
1171.85,10
1171.85,10
1171.85,10
1171.85,10
1171.85,10
1171.85,10
1171.85,10
1171.85,10
1171.85,10
1171.85,10
1171.85,10
1171.85,10
1171.85,10
1171.85,10
1171.85,10
1171.85,10
1171.85,10
1171.85,10
1171.85,10
1171.85,10
1171.85,10
1171.85,10
1171.85,10
1171.85,10
1171.85,10
1171.85,10
1171.85,10
1171.85,10
1171.85,10
1171.85,10
1171.85,10
1171.85,10
1171.85,10
1171.85,10
1171.85,10
1171.85,10
1171.85,10
1171.85,10
1171.85,10
1171.85,10
1171.85,10
1171.85,10
1171.85,10
1171.85,10
1171.85,10
1171.85,10
1171.85,10
1171.85,10
1171.85,10
1171.85,10
1171.85,10
1171.85,10
1171.85,10
1171.85,10
1171.85,10
1171.85,10
1171.85,10
1171.85,10
1171.85,10
1171.85,10
1171.85,10
1171.85,10
1171.85,10
1171.85,10
1171.85,10
1171.85,10
1171.85,10
1171.85,10
1171.85,10
1171.85,10
1171.85,10
1171.85,10
1171.85,10
